Input.text,Answer.sentiment.label,Input.original,Title,Description
a comedy-drama of nearly epic proportions rooted in a sincere performance by the title character undergoing midlife crisis ,Real,TRUE,Guess reviews are real or fake,You will be randomly shown an online review from either IMDB or Yelp. Half of these reviews are in their original form (written by humans) and half have been modified by a computer to meet certain constraints. Guess which is which.
a comedy-drama of nearly epic proportions rooted in a sincere performance by the title character undergoing midlife crisis ,Real,TRUE,Guess reviews are real or fake,You will be randomly shown an online review from either IMDB or Yelp. Half of these reviews are in their original form (written by humans) and half have been modified by a computer to meet certain constraints. Guess which is which.
a comedy-drama of nearly epic proportions rooted in a sincere performance by the title character undergoing midlife crisis ,Real,TRUE,Guess reviews are real or fake,You will be randomly shown an online review from either IMDB or Yelp. Half of these reviews are in their original form (written by humans) and half have been modified by a computer to meet certain constraints. Guess which is which.
a comedy-drama of nearly epic proportions rooted in a sincere performance by the title character undergoing midlife crisis ,Real,TRUE,Guess reviews are real or fake,You will be randomly shown an online review from either IMDB or Yelp. Half of these reviews are in their original form (written by humans) and half have been modified by a computer to meet certain constraints. Guess which is which.
a comedy-drama of nearly epic proportions rooted in a sincere performance by the title character undergoing midlife crisis ,Real,TRUE,Guess reviews are real or fake,You will be randomly shown an online review from either IMDB or Yelp. Half of these reviews are in their original form (written by humans) and half have been modified by a computer to meet certain constraints. Guess which is which.
a comedy-drama of nearly epic proportions rooted in a sincere performance by the title character undergoing midlife crisis ,Real,TRUE,Guess reviews are real or fake,You will be randomly shown an online review from either IMDB or Yelp. Half of these reviews are in their original form (written by humans) and half have been modified by a computer to meet certain constraints. Guess which is which.
a comedy-drama of nearly epic proportions rooted in a sincere performance by the title character undergoing midlife crisis ,Computer-altered,TRUE,Guess reviews are real or fake,You will be randomly shown an online review from either IMDB or Yelp. Half of these reviews are in their original form (written by humans) and half have been modified by a computer to meet certain constraints. Guess which is which.
a comedy-drama of nearly epic proportions rooted in a sincere performance by the title character undergoing midlife crisis ,Real,TRUE,Guess reviews are real or fake,You will be randomly shown an online review from either IMDB or Yelp. Half of these reviews are in their original form (written by humans) and half have been modified by a computer to meet certain constraints. Guess which is which.
a comedy-drama of nearly epic proportions rooted in a sincere performance by the title character undergoing midlife crisis ,Real,TRUE,Guess reviews are real or fake,You will be randomly shown an online review from either IMDB or Yelp. Half of these reviews are in their original form (written by humans) and half have been modified by a computer to meet certain constraints. Guess which is which.
a comedy-drama of nearly epic proportions rooted in a sincere performance by the title character undergoing midlife crisis ,Real,TRUE,Guess reviews are real or fake,You will be randomly shown an online review from either IMDB or Yelp. Half of these reviews are in their original form (written by humans) and half have been modified by a computer to meet certain constraints. Guess which is which.
a comedy-drama of nearly epic proportions rooted in a sincere performance by the title character undergoing midlife crisis ,Computer-altered,TRUE,Guess reviews are real or fake,You will be randomly shown an online review from either IMDB or Yelp. Half of these reviews are in their original form (written by humans) and half have been modified by a computer to meet certain constraints. Guess which is which.
a comedy-drama of nearly epic proportions rooted in a sincere performance by the title character undergoing midlife crisis ,Computer-altered,TRUE,Guess reviews are real or fake,You will be randomly shown an online review from either IMDB or Yelp. Half of these reviews are in their original form (written by humans) and half have been modified by a computer to meet certain constraints. Guess which is which.
a comedy-drama of nearly epic proportions rooted in a sincere performance by the title character undergoing midlife crisis ,Computer-altered,TRUE,Guess reviews are real or fake,You will be randomly shown an online review from either IMDB or Yelp. Half of these reviews are in their original form (written by humans) and half have been modified by a computer to meet certain constraints. Guess which is which.
a comedy-drama of nearly epic proportions rooted in a sincere performance by the title character undergoing midlife crisis ,Computer-altered,TRUE,Guess reviews are real or fake,You will be randomly shown an online review from either IMDB or Yelp. Half of these reviews are in their original form (written by humans) and half have been modified by a computer to meet certain constraints. Guess which is which.
a comedy-drama of nearly epic proportions rooted in a sincere performance by the title character undergoing midlife crisis ,Computer-altered,TRUE,Guess reviews are real or fake,You will be randomly shown an online review from either IMDB or Yelp. Half of these reviews are in their original form (written by humans) and half have been modified by a computer to meet certain constraints. Guess which is which.
a comedy-drama of nearly epic proportions rooted in a sincere performance by the title character undergoing midlife crisis ,Real,TRUE,Guess reviews are real or fake,You will be randomly shown an online review from either IMDB or Yelp. Half of these reviews are in their original form (written by humans) and half have been modified by a computer to meet certain constraints. Guess which is which.
a comedy-drama of nearly epic proportions rooted in a sincere performance by the title character undergoing midlife crisis ,Real,TRUE,Guess reviews are real or fake,You will be randomly shown an online review from either IMDB or Yelp. Half of these reviews are in their original form (written by humans) and half have been modified by a computer to meet certain constraints. Guess which is which.
a comedy-drama of nearly epic proportions rooted in a sincere performance by the title character undergoing midlife crisis ,Computer-altered,TRUE,Guess reviews are real or fake,You will be randomly shown an online review from either IMDB or Yelp. Half of these reviews are in their original form (written by humans) and half have been modified by a computer to meet certain constraints. Guess which is which.
a comedy-drama of nearly epic proportions rooted in a sincere performance by the title character undergoing midlife crisis ,Computer-altered,TRUE,Guess reviews are real or fake,You will be randomly shown an online review from either IMDB or Yelp. Half of these reviews are in their original form (written by humans) and half have been modified by a computer to meet certain constraints. Guess which is which.
a comedy-drama of nearly epic proportions rooted in a sincere performance by the title character undergoing midlife crisis ,Computer-altered,TRUE,Guess reviews are real or fake,You will be randomly shown an online review from either IMDB or Yelp. Half of these reviews are in their original form (written by humans) and half have been modified by a computer to meet certain constraints. Guess which is which.
a comedy-drama of nearly epic proportions rooted in a sincere performance by the title character undergoing midlife crisis ,Computer-altered,TRUE,Guess reviews are real or fake,You will be randomly shown an online review from either IMDB or Yelp. Half of these reviews are in their original form (written by humans) and half have been modified by a computer to meet certain constraints. Guess which is which.
it's about issues most adults have to face in marriage and i think that's what i liked about it -- the real issues tucked between the silly and crude storyline ,Computer-altered,TRUE,Guess reviews are real or fake,You will be randomly shown an online review from either IMDB or Yelp. Half of these reviews are in their original form (written by humans) and half have been modified by a computer to meet certain constraints. Guess which is which.
it's about issues most adults have to face in marriage and i think that's what i liked about it -- the real issues tucked between the silly and crude storyline ,Computer-altered,TRUE,Guess reviews are real or fake,You will be randomly shown an online review from either IMDB or Yelp. Half of these reviews are in their original form (written by humans) and half have been modified by a computer to meet certain constraints. Guess which is which.
it's about issues most adults have to face in marriage and i think that's what i liked about it -- the real issues tucked between the silly and crude storyline ,Computer-altered,TRUE,Guess reviews are real or fake,You will be randomly shown an online review from either IMDB or Yelp. Half of these reviews are in their original form (written by humans) and half have been modified by a computer to meet certain constraints. Guess which is which.
it's about issues most adults have to face in marriage and i think that's what i liked about it -- the real issues tucked between the silly and crude storyline ,Computer-altered,TRUE,Guess reviews are real or fake,You will be randomly shown an online review from either IMDB or Yelp. Half of these reviews are in their original form (written by humans) and half have been modified by a computer to meet certain constraints. Guess which is which.
it's about issues most adults have to face in marriage and i think that's what i liked about it -- the real issues tucked between the silly and crude storyline ,Real,TRUE,Guess reviews are real or fake,You will be randomly shown an online review from either IMDB or Yelp. Half of these reviews are in their original form (written by humans) and half have been modified by a computer to meet certain constraints. Guess which is which.
it's about issues most adults have to face in marriage and i think that's what i liked about it -- the real issues tucked between the silly and crude storyline ,Real,TRUE,Guess reviews are real or fake,You will be randomly shown an online review from either IMDB or Yelp. Half of these reviews are in their original form (written by humans) and half have been modified by a computer to meet certain constraints. Guess which is which.
it's about issues most adults have to face in marriage and i think that's what i liked about it -- the real issues tucked between the silly and crude storyline ,Real,TRUE,Guess reviews are real or fake,You will be randomly shown an online review from either IMDB or Yelp. Half of these reviews are in their original form (written by humans) and half have been modified by a computer to meet certain constraints. Guess which is which.
it's about issues most adults have to face in marriage and i think that's what i liked about it -- the real issues tucked between the silly and crude storyline ,Real,TRUE,Guess reviews are real or fake,You will be randomly shown an online review from either IMDB or Yelp. Half of these reviews are in their original form (written by humans) and half have been modified by a computer to meet certain constraints. Guess which is which.
it's about issues most adults have to face in marriage and i think that's what i liked about it -- the real issues tucked between the silly and crude storyline ,Computer-altered,TRUE,Guess reviews are real or fake,You will be randomly shown an online review from either IMDB or Yelp. Half of these reviews are in their original form (written by humans) and half have been modified by a computer to meet certain constraints. Guess which is which.
it's about issues most adults have to face in marriage and i think that's what i liked about it -- the real issues tucked between the silly and crude storyline ,Real,TRUE,Guess reviews are real or fake,You will be randomly shown an online review from either IMDB or Yelp. Half of these reviews are in their original form (written by humans) and half have been modified by a computer to meet certain constraints. Guess which is which.
it's about issues most adults have to face in marriage and i think that's what i liked about it -- the real issues tucked between the silly and crude storyline ,Real,TRUE,Guess reviews are real or fake,You will be randomly shown an online review from either IMDB or Yelp. Half of these reviews are in their original form (written by humans) and half have been modified by a computer to meet certain constraints. Guess which is which.
it's about issues most adults have to face in marriage and i think that's what i liked about it -- the real issues tucked between the silly and crude storyline ,Real,TRUE,Guess reviews are real or fake,You will be randomly shown an online review from either IMDB or Yelp. Half of these reviews are in their original form (written by humans) and half have been modified by a computer to meet certain constraints. Guess which is which.
it's about issues most adults have to face in marriage and i think that's what i liked about it -- the real issues tucked between the silly and crude storyline ,Computer-altered,TRUE,Guess reviews are real or fake,You will be randomly shown an online review from either IMDB or Yelp. Half of these reviews are in their original form (written by humans) and half have been modified by a computer to meet certain constraints. Guess which is which.
it's about issues most adults have to face in marriage and i think that's what i liked about it -- the real issues tucked between the silly and crude storyline ,Computer-altered,TRUE,Guess reviews are real or fake,You will be randomly shown an online review from either IMDB or Yelp. Half of these reviews are in their original form (written by humans) and half have been modified by a computer to meet certain constraints. Guess which is which.
it's about issues most adults have to face in marriage and i think that's what i liked about it -- the real issues tucked between the silly and crude storyline ,Computer-altered,TRUE,Guess reviews are real or fake,You will be randomly shown an online review from either IMDB or Yelp. Half of these reviews are in their original form (written by humans) and half have been modified by a computer to meet certain constraints. Guess which is which.
it's about issues most adults have to face in marriage and i think that's what i liked about it -- the real issues tucked between the silly and crude storyline ,Computer-altered,TRUE,Guess reviews are real or fake,You will be randomly shown an online review from either IMDB or Yelp. Half of these reviews are in their original form (written by humans) and half have been modified by a computer to meet certain constraints. Guess which is which.
it's about issues most adults have to face in marriage and i think that's what i liked about it -- the real issues tucked between the silly and crude storyline ,Computer-altered,TRUE,Guess reviews are real or fake,You will be randomly shown an online review from either IMDB or Yelp. Half of these reviews are in their original form (written by humans) and half have been modified by a computer to meet certain constraints. Guess which is which.
it's about issues most adults have to face in marriage and i think that's what i liked about it -- the real issues tucked between the silly and crude storyline ,Computer-altered,TRUE,Guess reviews are real or fake,You will be randomly shown an online review from either IMDB or Yelp. Half of these reviews are in their original form (written by humans) and half have been modified by a computer to meet certain constraints. Guess which is which.
it's about issues most adults have to face in marriage and i think that's what i liked about it -- the real issues tucked between the silly and crude storyline ,Computer-altered,TRUE,Guess reviews are real or fake,You will be randomly shown an online review from either IMDB or Yelp. Half of these reviews are in their original form (written by humans) and half have been modified by a computer to meet certain constraints. Guess which is which.
it's about issues most adults have to face in marriage and i think that's what i liked about it -- the real issues tucked between the silly and crude storyline ,Real,TRUE,Guess reviews are real or fake,You will be randomly shown an online review from either IMDB or Yelp. Half of these reviews are in their original form (written by humans) and half have been modified by a computer to meet certain constraints. Guess which is which.
it's about issues most adults have to face in marriage and i think that's what i liked about it -- the real issues tucked between the silly and crude storyline ,Real,FALSE,Guess reviews are real or fake,You will be randomly shown an online review from either IMDB or Yelp. Half of these reviews are in their original form (written by humans) and half have been modified by a computer to meet certain constraints. Guess which is which.
"never lets go your emotions , taking them to surprising highs , sorrowful lows and hidden impulsive niches . . . gorgeous , passionate , and at times uncommonly moving .",Real,FALSE,Guess reviews are real or fake,You will be randomly shown an online review from either IMDB or Yelp. Half of these reviews are in their original form (written by humans) and half have been modified by a computer to meet certain constraints. Guess which is which.
"never lets go your emotions , taking them to surprising highs , sorrowful lows and hidden impulsive niches . . . gorgeous , passionate , and at times uncommonly moving .",Real,FALSE,Guess reviews are real or fake,You will be randomly shown an online review from either IMDB or Yelp. Half of these reviews are in their original form (written by humans) and half have been modified by a computer to meet certain constraints. Guess which is which.
"never lets go your emotions , taking them to surprising highs , sorrowful lows and hidden impulsive niches . . . gorgeous , passionate , and at times uncommonly moving .",Computer-altered,FALSE,Guess reviews are real or fake,You will be randomly shown an online review from either IMDB or Yelp. Half of these reviews are in their original form (written by humans) and half have been modified by a computer to meet certain constraints. Guess which is which.
"never lets go your emotions , taking them to surprising highs , sorrowful lows and hidden impulsive niches . . . gorgeous , passionate , and at times uncommonly moving .",Computer-altered,FALSE,Guess reviews are real or fake,You will be randomly shown an online review from either IMDB or Yelp. Half of these reviews are in their original form (written by humans) and half have been modified by a computer to meet certain constraints. Guess which is which.
"never lets go your emotions , taking them to surprising highs , sorrowful lows and hidden impulsive niches . . . gorgeous , passionate , and at times uncommonly moving .",Computer-altered,FALSE,Guess reviews are real or fake,You will be randomly shown an online review from either IMDB or Yelp. Half of these reviews are in their original form (written by humans) and half have been modified by a computer to meet certain constraints. Guess which is which.
"never lets go your emotions , taking them to surprising highs , sorrowful lows and hidden impulsive niches . . . gorgeous , passionate , and at times uncommonly moving .",Computer-altered,FALSE,Guess reviews are real or fake,You will be randomly shown an online review from either IMDB or Yelp. Half of these reviews are in their original form (written by humans) and half have been modified by a computer to meet certain constraints. Guess which is which.
"never lets go your emotions , taking them to surprising highs , sorrowful lows and hidden impulsive niches . . . gorgeous , passionate , and at times uncommonly moving .",Computer-altered,FALSE,Guess reviews are real or fake,You will be randomly shown an online review from either IMDB or Yelp. Half of these reviews are in their original form (written by humans) and half have been modified by a computer to meet certain constraints. Guess which is which.
"never lets go your emotions , taking them to surprising highs , sorrowful lows and hidden impulsive niches . . . gorgeous , passionate , and at times uncommonly moving .",Computer-altered,FALSE,Guess reviews are real or fake,You will be randomly shown an online review from either IMDB or Yelp. Half of these reviews are in their original form (written by humans) and half have been modified by a computer to meet certain constraints. Guess which is which.
"never lets go your emotions , taking them to surprising highs , sorrowful lows and hidden impulsive niches . . . gorgeous , passionate , and at times uncommonly moving .",Real,FALSE,Guess reviews are real or fake,You will be randomly shown an online review from either IMDB or Yelp. Half of these reviews are in their original form (written by humans) and half have been modified by a computer to meet certain constraints. Guess which is which.
"never lets go your emotions , taking them to surprising highs , sorrowful lows and hidden impulsive niches . . . gorgeous , passionate , and at times uncommonly moving .",Real,FALSE,Guess reviews are real or fake,You will be randomly shown an online review from either IMDB or Yelp. Half of these reviews are in their original form (written by humans) and half have been modified by a computer to meet certain constraints. Guess which is which.
"never lets go your emotions , taking them to surprising highs , sorrowful lows and hidden impulsive niches . . . gorgeous , passionate , and at times uncommonly moving .",Real,FALSE,Guess reviews are real or fake,You will be randomly shown an online review from either IMDB or Yelp. Half of these reviews are in their original form (written by humans) and half have been modified by a computer to meet certain constraints. Guess which is which.
"never lets go your emotions , taking them to surprising highs , sorrowful lows and hidden impulsive niches . . . gorgeous , passionate , and at times uncommonly moving .",Real,FALSE,Guess reviews are real or fake,You will be randomly shown an online review from either IMDB or Yelp. Half of these reviews are in their original form (written by humans) and half have been modified by a computer to meet certain constraints. Guess which is which.
"never lets go your emotions , taking them to surprising highs , sorrowful lows and hidden impulsive niches . . . gorgeous , passionate , and at times uncommonly moving .",Computer-altered,FALSE,Guess reviews are real or fake,You will be randomly shown an online review from either IMDB or Yelp. Half of these reviews are in their original form (written by humans) and half have been modified by a computer to meet certain constraints. Guess which is which.
"never lets go your emotions , taking them to surprising highs , sorrowful lows and hidden impulsive niches . . . gorgeous , passionate , and at times uncommonly moving .",Computer-altered,FALSE,Guess reviews are real or fake,You will be randomly shown an online review from either IMDB or Yelp. Half of these reviews are in their original form (written by humans) and half have been modified by a computer to meet certain constraints. Guess which is which.
"never lets go your emotions , taking them to surprising highs , sorrowful lows and hidden impulsive niches . . . gorgeous , passionate , and at times uncommonly moving .",Real,FALSE,Guess reviews are real or fake,You will be randomly shown an online review from either IMDB or Yelp. Half of these reviews are in their original form (written by humans) and half have been modified by a computer to meet certain constraints. Guess which is which.
"never lets go your emotions , taking them to surprising highs , sorrowful lows and hidden impulsive niches . . . gorgeous , passionate , and at times uncommonly moving .",Real,FALSE,Guess reviews are real or fake,You will be randomly shown an online review from either IMDB or Yelp. Half of these reviews are in their original form (written by humans) and half have been modified by a computer to meet certain constraints. Guess which is which.
"never lets go your emotions , taking them to surprising highs , sorrowful lows and hidden impulsive niches . . . gorgeous , passionate , and at times uncommonly moving .",Real,FALSE,Guess reviews are real or fake,You will be randomly shown an online review from either IMDB or Yelp. Half of these reviews are in their original form (written by humans) and half have been modified by a computer to meet certain constraints. Guess which is which.
"never lets go your emotions , taking them to surprising highs , sorrowful lows and hidden impulsive niches . . . gorgeous , passionate , and at times uncommonly moving .",Real,FALSE,Guess reviews are real or fake,You will be randomly shown an online review from either IMDB or Yelp. Half of these reviews are in their original form (written by humans) and half have been modified by a computer to meet certain constraints. Guess which is which.
"never lets go your emotions , taking them to surprising highs , sorrowful lows and hidden impulsive niches . . . gorgeous , passionate , and at times uncommonly moving .",Computer-altered,FALSE,Guess reviews are real or fake,You will be randomly shown an online review from either IMDB or Yelp. Half of these reviews are in their original form (written by humans) and half have been modified by a computer to meet certain constraints. Guess which is which.
"never lets go your emotions , taking them to surprising highs , sorrowful lows and hidden impulsive niches . . . gorgeous , passionate , and at times uncommonly moving .",Computer-altered,FALSE,Guess reviews are real or fake,You will be randomly shown an online review from either IMDB or Yelp. Half of these reviews are in their original form (written by humans) and half have been modified by a computer to meet certain constraints. Guess which is which.
"never lets go your emotions , taking them to surprising highs , sorrowful lows and hidden impulsive niches . . . gorgeous , passionate , and at times uncommonly moving .",Real,FALSE,Guess reviews are real or fake,You will be randomly shown an online review from either IMDB or Yelp. Half of these reviews are in their original form (written by humans) and half have been modified by a computer to meet certain constraints. Guess which is which.
""" . . . something appears to have been lost in the translation this time . the importance of being earnest movie seems to be missing a great deal of the acerbic repartee of the play . "" ",Computer-altered,TRUE,Guess reviews are real or fake,You will be randomly shown an online review from either IMDB or Yelp. Half of these reviews are in their original form (written by humans) and half have been modified by a computer to meet certain constraints. Guess which is which.
""" . . . something appears to have been lost in the translation this time . the importance of being earnest movie seems to be missing a great deal of the acerbic repartee of the play . "" ",Real,TRUE,Guess reviews are real or fake,You will be randomly shown an online review from either IMDB or Yelp. Half of these reviews are in their original form (written by humans) and half have been modified by a computer to meet certain constraints. Guess which is which.
""" . . . something appears to have been lost in the translation this time . the importance of being earnest movie seems to be missing a great deal of the acerbic repartee of the play . "" ",Real,TRUE,Guess reviews are real or fake,You will be randomly shown an online review from either IMDB or Yelp. Half of these reviews are in their original form (written by humans) and half have been modified by a computer to meet certain constraints. Guess which is which.
""" . . . something appears to have been lost in the translation this time . the importance of being earnest movie seems to be missing a great deal of the acerbic repartee of the play . "" ",Computer-altered,TRUE,Guess reviews are real or fake,You will be randomly shown an online review from either IMDB or Yelp. Half of these reviews are in their original form (written by humans) and half have been modified by a computer to meet certain constraints. Guess which is which.
""" . . . something appears to have been lost in the translation this time . the importance of being earnest movie seems to be missing a great deal of the acerbic repartee of the play . "" ",Computer-altered,TRUE,Guess reviews are real or fake,You will be randomly shown an online review from either IMDB or Yelp. Half of these reviews are in their original form (written by humans) and half have been modified by a computer to meet certain constraints. Guess which is which.
""" . . . something appears to have been lost in the translation this time . the importance of being earnest movie seems to be missing a great deal of the acerbic repartee of the play . "" ",Computer-altered,TRUE,Guess reviews are real or fake,You will be randomly shown an online review from either IMDB or Yelp. Half of these reviews are in their original form (written by humans) and half have been modified by a computer to meet certain constraints. Guess which is which.
""" . . . something appears to have been lost in the translation this time . the importance of being earnest movie seems to be missing a great deal of the acerbic repartee of the play . "" ",Real,TRUE,Guess reviews are real or fake,You will be randomly shown an online review from either IMDB or Yelp. Half of these reviews are in their original form (written by humans) and half have been modified by a computer to meet certain constraints. Guess which is which.
""" . . . something appears to have been lost in the translation this time . the importance of being earnest movie seems to be missing a great deal of the acerbic repartee of the play . "" ",Real,TRUE,Guess reviews are real or fake,You will be randomly shown an online review from either IMDB or Yelp. Half of these reviews are in their original form (written by humans) and half have been modified by a computer to meet certain constraints. Guess which is which.
""" . . . something appears to have been lost in the translation this time . the importance of being earnest movie seems to be missing a great deal of the acerbic repartee of the play . "" ",Real,TRUE,Guess reviews are real or fake,You will be randomly shown an online review from either IMDB or Yelp. Half of these reviews are in their original form (written by humans) and half have been modified by a computer to meet certain constraints. Guess which is which.
""" . . . something appears to have been lost in the translation this time . the importance of being earnest movie seems to be missing a great deal of the acerbic repartee of the play . "" ",Computer-altered,TRUE,Guess reviews are real or fake,You will be randomly shown an online review from either IMDB or Yelp. Half of these reviews are in their original form (written by humans) and half have been modified by a computer to meet certain constraints. Guess which is which.
""" . . . something appears to have been lost in the translation this time . the importance of being earnest movie seems to be missing a great deal of the acerbic repartee of the play . "" ",Computer-altered,TRUE,Guess reviews are real or fake,You will be randomly shown an online review from either IMDB or Yelp. Half of these reviews are in their original form (written by humans) and half have been modified by a computer to meet certain constraints. Guess which is which.
""" . . . something appears to have been lost in the translation this time . the importance of being earnest movie seems to be missing a great deal of the acerbic repartee of the play . "" ",Computer-altered,TRUE,Guess reviews are real or fake,You will be randomly shown an online review from either IMDB or Yelp. Half of these reviews are in their original form (written by humans) and half have been modified by a computer to meet certain constraints. Guess which is which.
""" . . . something appears to have been lost in the translation this time . the importance of being earnest movie seems to be missing a great deal of the acerbic repartee of the play . "" ",Real,TRUE,Guess reviews are real or fake,You will be randomly shown an online review from either IMDB or Yelp. Half of these reviews are in their original form (written by humans) and half have been modified by a computer to meet certain constraints. Guess which is which.
""" . . . something appears to have been lost in the translation this time . the importance of being earnest movie seems to be missing a great deal of the acerbic repartee of the play . "" ",Computer-altered,TRUE,Guess reviews are real or fake,You will be randomly shown an online review from either IMDB or Yelp. Half of these reviews are in their original form (written by humans) and half have been modified by a computer to meet certain constraints. Guess which is which.
""" . . . something appears to have been lost in the translation this time . the importance of being earnest movie seems to be missing a great deal of the acerbic repartee of the play . "" ",Computer-altered,TRUE,Guess reviews are real or fake,You will be randomly shown an online review from either IMDB or Yelp. Half of these reviews are in their original form (written by humans) and half have been modified by a computer to meet certain constraints. Guess which is which.
""" . . . something appears to have been lost in the translation this time . the importance of being earnest movie seems to be missing a great deal of the acerbic repartee of the play . "" ",Computer-altered,TRUE,Guess reviews are real or fake,You will be randomly shown an online review from either IMDB or Yelp. Half of these reviews are in their original form (written by humans) and half have been modified by a computer to meet certain constraints. Guess which is which.
""" . . . something appears to have been lost in the translation this time . the importance of being earnest movie seems to be missing a great deal of the acerbic repartee of the play . "" ",Real,TRUE,Guess reviews are real or fake,You will be randomly shown an online review from either IMDB or Yelp. Half of these reviews are in their original form (written by humans) and half have been modified by a computer to meet certain constraints. Guess which is which.
""" . . . something appears to have been lost in the translation this time . the importance of being earnest movie seems to be missing a great deal of the acerbic repartee of the play . "" ",Computer-altered,TRUE,Guess reviews are real or fake,You will be randomly shown an online review from either IMDB or Yelp. Half of these reviews are in their original form (written by humans) and half have been modified by a computer to meet certain constraints. Guess which is which.
""" . . . something appears to have been lost in the translation this time . the importance of being earnest movie seems to be missing a great deal of the acerbic repartee of the play . "" ",Computer-altered,TRUE,Guess reviews are real or fake,You will be randomly shown an online review from either IMDB or Yelp. Half of these reviews are in their original form (written by humans) and half have been modified by a computer to meet certain constraints. Guess which is which.
""" . . . something appears to have been lost in the translation this time . the importance of being earnest movie seems to be missing a great deal of the acerbic repartee of the play . "" ",Real,TRUE,Guess reviews are real or fake,You will be randomly shown an online review from either IMDB or Yelp. Half of these reviews are in their original form (written by humans) and half have been modified by a computer to meet certain constraints. Guess which is which.
""" . . . something appears to have been lost in the translation this time . the importance of being earnest movie seems to be missing a great deal of the acerbic repartee of the play . "" ",Real,TRUE,Guess reviews are real or fake,You will be randomly shown an online review from either IMDB or Yelp. Half of these reviews are in their original form (written by humans) and half have been modified by a computer to meet certain constraints. Guess which is which.
steven soderbergh doesn't remake andrei tarkovsky's solaris so much as distill it .,Real,TRUE,Guess reviews are real or fake,You will be randomly shown an online review from either IMDB or Yelp. Half of these reviews are in their original form (written by humans) and half have been modified by a computer to meet certain constraints. Guess which is which.
steven soderbergh doesn't remake andrei tarkovsky's solaris so much as distill it .,Real,TRUE,Guess reviews are real or fake,You will be randomly shown an online review from either IMDB or Yelp. Half of these reviews are in their original form (written by humans) and half have been modified by a computer to meet certain constraints. Guess which is which.
steven soderbergh doesn't remake andrei tarkovsky's solaris so much as distill it .,Real,TRUE,Guess reviews are real or fake,You will be randomly shown an online review from either IMDB or Yelp. Half of these reviews are in their original form (written by humans) and half have been modified by a computer to meet certain constraints. Guess which is which.
steven soderbergh doesn't remake andrei tarkovsky's solaris so much as distill it .,Real,TRUE,Guess reviews are real or fake,You will be randomly shown an online review from either IMDB or Yelp. Half of these reviews are in their original form (written by humans) and half have been modified by a computer to meet certain constraints. Guess which is which.
steven soderbergh doesn't remake andrei tarkovsky's solaris so much as distill it .,Real,TRUE,Guess reviews are real or fake,You will be randomly shown an online review from either IMDB or Yelp. Half of these reviews are in their original form (written by humans) and half have been modified by a computer to meet certain constraints. Guess which is which.
steven soderbergh doesn't remake andrei tarkovsky's solaris so much as distill it .,Real,TRUE,Guess reviews are real or fake,You will be randomly shown an online review from either IMDB or Yelp. Half of these reviews are in their original form (written by humans) and half have been modified by a computer to meet certain constraints. Guess which is which.
steven soderbergh doesn't remake andrei tarkovsky's solaris so much as distill it .,Real,TRUE,Guess reviews are real or fake,You will be randomly shown an online review from either IMDB or Yelp. Half of these reviews are in their original form (written by humans) and half have been modified by a computer to meet certain constraints. Guess which is which.
steven soderbergh doesn't remake andrei tarkovsky's solaris so much as distill it .,Computer-altered,TRUE,Guess reviews are real or fake,You will be randomly shown an online review from either IMDB or Yelp. Half of these reviews are in their original form (written by humans) and half have been modified by a computer to meet certain constraints. Guess which is which.
steven soderbergh doesn't remake andrei tarkovsky's solaris so much as distill it .,Computer-altered,TRUE,Guess reviews are real or fake,You will be randomly shown an online review from either IMDB or Yelp. Half of these reviews are in their original form (written by humans) and half have been modified by a computer to meet certain constraints. Guess which is which.
steven soderbergh doesn't remake andrei tarkovsky's solaris so much as distill it .,Computer-altered,TRUE,Guess reviews are real or fake,You will be randomly shown an online review from either IMDB or Yelp. Half of these reviews are in their original form (written by humans) and half have been modified by a computer to meet certain constraints. Guess which is which.
steven soderbergh doesn't remake andrei tarkovsky's solaris so much as distill it .,Computer-altered,TRUE,Guess reviews are real or fake,You will be randomly shown an online review from either IMDB or Yelp. Half of these reviews are in their original form (written by humans) and half have been modified by a computer to meet certain constraints. Guess which is which.
steven soderbergh doesn't remake andrei tarkovsky's solaris so much as distill it .,Real,TRUE,Guess reviews are real or fake,You will be randomly shown an online review from either IMDB or Yelp. Half of these reviews are in their original form (written by humans) and half have been modified by a computer to meet certain constraints. Guess which is which.
steven soderbergh doesn't remake andrei tarkovsky's solaris so much as distill it .,Real,TRUE,Guess reviews are real or fake,You will be randomly shown an online review from either IMDB or Yelp. Half of these reviews are in their original form (written by humans) and half have been modified by a computer to meet certain constraints. Guess which is which.
steven soderbergh doesn't remake andrei tarkovsky's solaris so much as distill it .,Computer-altered,TRUE,Guess reviews are real or fake,You will be randomly shown an online review from either IMDB or Yelp. Half of these reviews are in their original form (written by humans) and half have been modified by a computer to meet certain constraints. Guess which is which.
steven soderbergh doesn't remake andrei tarkovsky's solaris so much as distill it .,Real,TRUE,Guess reviews are real or fake,You will be randomly shown an online review from either IMDB or Yelp. Half of these reviews are in their original form (written by humans) and half have been modified by a computer to meet certain constraints. Guess which is which.
steven soderbergh doesn't remake andrei tarkovsky's solaris so much as distill it .,Computer-altered,TRUE,Guess reviews are real or fake,You will be randomly shown an online review from either IMDB or Yelp. Half of these reviews are in their original form (written by humans) and half have been modified by a computer to meet certain constraints. Guess which is which.
steven soderbergh doesn't remake andrei tarkovsky's solaris so much as distill it .,Real,TRUE,Guess reviews are real or fake,You will be randomly shown an online review from either IMDB or Yelp. Half of these reviews are in their original form (written by humans) and half have been modified by a computer to meet certain constraints. Guess which is which.
steven soderbergh doesn't remake andrei tarkovsky's solaris so much as distill it .,Real,TRUE,Guess reviews are real or fake,You will be randomly shown an online review from either IMDB or Yelp. Half of these reviews are in their original form (written by humans) and half have been modified by a computer to meet certain constraints. Guess which is which.
steven soderbergh doesn't remake andrei tarkovsky's solaris so much as distill it .,Real,TRUE,Guess reviews are real or fake,You will be randomly shown an online review from either IMDB or Yelp. Half of these reviews are in their original form (written by humans) and half have been modified by a computer to meet certain constraints. Guess which is which.
steven soderbergh doesn't remake andrei tarkovsky's solaris so much as distill it .,Real,TRUE,Guess reviews are real or fake,You will be randomly shown an online review from either IMDB or Yelp. Half of these reviews are in their original form (written by humans) and half have been modified by a computer to meet certain constraints. Guess which is which.
steven soderbergh doesn't remake andrei tarkovsky's solaris so much as distill it .,Computer-altered,TRUE,Guess reviews are real or fake,You will be randomly shown an online review from either IMDB or Yelp. Half of these reviews are in their original form (written by humans) and half have been modified by a computer to meet certain constraints. Guess which is which.
one of the most important and exhilarating forms of animated filmmaking since old walt doodled steamboat willie .,Real,TRUE,Guess reviews are real or fake,You will be randomly shown an online review from either IMDB or Yelp. Half of these reviews are in their original form (written by humans) and half have been modified by a computer to meet certain constraints. Guess which is which.
one of the most important and exhilarating forms of animated filmmaking since old walt doodled steamboat willie .,Computer-altered,TRUE,Guess reviews are real or fake,You will be randomly shown an online review from either IMDB or Yelp. Half of these reviews are in their original form (written by humans) and half have been modified by a computer to meet certain constraints. Guess which is which.
one of the most important and exhilarating forms of animated filmmaking since old walt doodled steamboat willie .,Computer-altered,TRUE,Guess reviews are real or fake,You will be randomly shown an online review from either IMDB or Yelp. Half of these reviews are in their original form (written by humans) and half have been modified by a computer to meet certain constraints. Guess which is which.
one of the most important and exhilarating forms of animated filmmaking since old walt doodled steamboat willie .,Real,TRUE,Guess reviews are real or fake,You will be randomly shown an online review from either IMDB or Yelp. Half of these reviews are in their original form (written by humans) and half have been modified by a computer to meet certain constraints. Guess which is which.
one of the most important and exhilarating forms of animated filmmaking since old walt doodled steamboat willie .,Real,FALSE,Guess reviews are real or fake,You will be randomly shown an online review from either IMDB or Yelp. Half of these reviews are in their original form (written by humans) and half have been modified by a computer to meet certain constraints. Guess which is which.
one of the most important and exhilarating forms of animated filmmaking since old walt doodled steamboat willie .,Real,FALSE,Guess reviews are real or fake,You will be randomly shown an online review from either IMDB or Yelp. Half of these reviews are in their original form (written by humans) and half have been modified by a computer to meet certain constraints. Guess which is which.
one of the most important and exhilarating forms of animated filmmaking since old walt doodled steamboat willie .,Computer-altered,FALSE,Guess reviews are real or fake,You will be randomly shown an online review from either IMDB or Yelp. Half of these reviews are in their original form (written by humans) and half have been modified by a computer to meet certain constraints. Guess which is which.
one of the most important and exhilarating forms of animated filmmaking since old walt doodled steamboat willie .,Real,FALSE,Guess reviews are real or fake,You will be randomly shown an online review from either IMDB or Yelp. Half of these reviews are in their original form (written by humans) and half have been modified by a computer to meet certain constraints. Guess which is which.
one of the most important and exhilarating forms of animated filmmaking since old walt doodled steamboat willie .,Computer-altered,FALSE,Guess reviews are real or fake,You will be randomly shown an online review from either IMDB or Yelp. Half of these reviews are in their original form (written by humans) and half have been modified by a computer to meet certain constraints. Guess which is which.
one of the most important and exhilarating forms of animated filmmaking since old walt doodled steamboat willie .,Computer-altered,FALSE,Guess reviews are real or fake,You will be randomly shown an online review from either IMDB or Yelp. Half of these reviews are in their original form (written by humans) and half have been modified by a computer to meet certain constraints. Guess which is which.
one of the most important and exhilarating forms of animated filmmaking since old walt doodled steamboat willie .,Computer-altered,FALSE,Guess reviews are real or fake,You will be randomly shown an online review from either IMDB or Yelp. Half of these reviews are in their original form (written by humans) and half have been modified by a computer to meet certain constraints. Guess which is which.
one of the most important and exhilarating forms of animated filmmaking since old walt doodled steamboat willie .,Computer-altered,FALSE,Guess reviews are real or fake,You will be randomly shown an online review from either IMDB or Yelp. Half of these reviews are in their original form (written by humans) and half have been modified by a computer to meet certain constraints. Guess which is which.
one of the most important and exhilarating forms of animated filmmaking since old walt doodled steamboat willie .,Computer-altered,FALSE,Guess reviews are real or fake,You will be randomly shown an online review from either IMDB or Yelp. Half of these reviews are in their original form (written by humans) and half have been modified by a computer to meet certain constraints. Guess which is which.
one of the most important and exhilarating forms of animated filmmaking since old walt doodled steamboat willie .,Real,FALSE,Guess reviews are real or fake,You will be randomly shown an online review from either IMDB or Yelp. Half of these reviews are in their original form (written by humans) and half have been modified by a computer to meet certain constraints. Guess which is which.
one of the most important and exhilarating forms of animated filmmaking since old walt doodled steamboat willie .,Computer-altered,FALSE,Guess reviews are real or fake,You will be randomly shown an online review from either IMDB or Yelp. Half of these reviews are in their original form (written by humans) and half have been modified by a computer to meet certain constraints. Guess which is which.
one of the most important and exhilarating forms of animated filmmaking since old walt doodled steamboat willie .,Real,FALSE,Guess reviews are real or fake,You will be randomly shown an online review from either IMDB or Yelp. Half of these reviews are in their original form (written by humans) and half have been modified by a computer to meet certain constraints. Guess which is which.
one of the most important and exhilarating forms of animated filmmaking since old walt doodled steamboat willie .,Computer-altered,FALSE,Guess reviews are real or fake,You will be randomly shown an online review from either IMDB or Yelp. Half of these reviews are in their original form (written by humans) and half have been modified by a computer to meet certain constraints. Guess which is which.
one of the most important and exhilarating forms of animated filmmaking since old walt doodled steamboat willie .,Computer-altered,FALSE,Guess reviews are real or fake,You will be randomly shown an online review from either IMDB or Yelp. Half of these reviews are in their original form (written by humans) and half have been modified by a computer to meet certain constraints. Guess which is which.
one of the most important and exhilarating forms of animated filmmaking since old walt doodled steamboat willie .,Computer-altered,FALSE,Guess reviews are real or fake,You will be randomly shown an online review from either IMDB or Yelp. Half of these reviews are in their original form (written by humans) and half have been modified by a computer to meet certain constraints. Guess which is which.
one of the most important and exhilarating forms of animated filmmaking since old walt doodled steamboat willie .,Computer-altered,FALSE,Guess reviews are real or fake,You will be randomly shown an online review from either IMDB or Yelp. Half of these reviews are in their original form (written by humans) and half have been modified by a computer to meet certain constraints. Guess which is which.
one of the most important and exhilarating forms of animated filmmaking since old walt doodled steamboat willie .,Real,FALSE,Guess reviews are real or fake,You will be randomly shown an online review from either IMDB or Yelp. Half of these reviews are in their original form (written by humans) and half have been modified by a computer to meet certain constraints. Guess which is which.
you won't sees at religious fanatics -- or backyard sheds -- the same way again . ,Computer-altered,TRUE,Guess reviews are real or fake,You will be randomly shown an online review from either IMDB or Yelp. Half of these reviews are in their original form (written by humans) and half have been modified by a computer to meet certain constraints. Guess which is which.
you won't sees at religious fanatics -- or backyard sheds -- the same way again . ,Computer-altered,TRUE,Guess reviews are real or fake,You will be randomly shown an online review from either IMDB or Yelp. Half of these reviews are in their original form (written by humans) and half have been modified by a computer to meet certain constraints. Guess which is which.
you won't sees at religious fanatics -- or backyard sheds -- the same way again . ,Real,TRUE,Guess reviews are real or fake,You will be randomly shown an online review from either IMDB or Yelp. Half of these reviews are in their original form (written by humans) and half have been modified by a computer to meet certain constraints. Guess which is which.
you won't sees at religious fanatics -- or backyard sheds -- the same way again . ,Computer-altered,TRUE,Guess reviews are real or fake,You will be randomly shown an online review from either IMDB or Yelp. Half of these reviews are in their original form (written by humans) and half have been modified by a computer to meet certain constraints. Guess which is which.
you won't sees at religious fanatics -- or backyard sheds -- the same way again . ,Real,TRUE,Guess reviews are real or fake,You will be randomly shown an online review from either IMDB or Yelp. Half of these reviews are in their original form (written by humans) and half have been modified by a computer to meet certain constraints. Guess which is which.
you won't sees at religious fanatics -- or backyard sheds -- the same way again . ,Computer-altered,TRUE,Guess reviews are real or fake,You will be randomly shown an online review from either IMDB or Yelp. Half of these reviews are in their original form (written by humans) and half have been modified by a computer to meet certain constraints. Guess which is which.
you won't sees at religious fanatics -- or backyard sheds -- the same way again . ,Computer-altered,TRUE,Guess reviews are real or fake,You will be randomly shown an online review from either IMDB or Yelp. Half of these reviews are in their original form (written by humans) and half have been modified by a computer to meet certain constraints. Guess which is which.
you won't sees at religious fanatics -- or backyard sheds -- the same way again . ,Computer-altered,TRUE,Guess reviews are real or fake,You will be randomly shown an online review from either IMDB or Yelp. Half of these reviews are in their original form (written by humans) and half have been modified by a computer to meet certain constraints. Guess which is which.
you won't sees at religious fanatics -- or backyard sheds -- the same way again . ,Real,TRUE,Guess reviews are real or fake,You will be randomly shown an online review from either IMDB or Yelp. Half of these reviews are in their original form (written by humans) and half have been modified by a computer to meet certain constraints. Guess which is which.
you won't sees at religious fanatics -- or backyard sheds -- the same way again . ,Real,TRUE,Guess reviews are real or fake,You will be randomly shown an online review from either IMDB or Yelp. Half of these reviews are in their original form (written by humans) and half have been modified by a computer to meet certain constraints. Guess which is which.
you won't sees at religious fanatics -- or backyard sheds -- the same way again . ,Real,TRUE,Guess reviews are real or fake,You will be randomly shown an online review from either IMDB or Yelp. Half of these reviews are in their original form (written by humans) and half have been modified by a computer to meet certain constraints. Guess which is which.
you won't sees at religious fanatics -- or backyard sheds -- the same way again . ,Real,TRUE,Guess reviews are real or fake,You will be randomly shown an online review from either IMDB or Yelp. Half of these reviews are in their original form (written by humans) and half have been modified by a computer to meet certain constraints. Guess which is which.
you won't sees at religious fanatics -- or backyard sheds -- the same way again . ,Real,TRUE,Guess reviews are real or fake,You will be randomly shown an online review from either IMDB or Yelp. Half of these reviews are in their original form (written by humans) and half have been modified by a computer to meet certain constraints. Guess which is which.
you won't sees at religious fanatics -- or backyard sheds -- the same way again . ,Real,TRUE,Guess reviews are real or fake,You will be randomly shown an online review from either IMDB or Yelp. Half of these reviews are in their original form (written by humans) and half have been modified by a computer to meet certain constraints. Guess which is which.
you won't sees at religious fanatics -- or backyard sheds -- the same way again . ,Computer-altered,TRUE,Guess reviews are real or fake,You will be randomly shown an online review from either IMDB or Yelp. Half of these reviews are in their original form (written by humans) and half have been modified by a computer to meet certain constraints. Guess which is which.
you won't sees at religious fanatics -- or backyard sheds -- the same way again . ,Real,TRUE,Guess reviews are real or fake,You will be randomly shown an online review from either IMDB or Yelp. Half of these reviews are in their original form (written by humans) and half have been modified by a computer to meet certain constraints. Guess which is which.
you won't sees at religious fanatics -- or backyard sheds -- the same way again . ,Real,TRUE,Guess reviews are real or fake,You will be randomly shown an online review from either IMDB or Yelp. Half of these reviews are in their original form (written by humans) and half have been modified by a computer to meet certain constraints. Guess which is which.
you won't sees at religious fanatics -- or backyard sheds -- the same way again . ,Computer-altered,TRUE,Guess reviews are real or fake,You will be randomly shown an online review from either IMDB or Yelp. Half of these reviews are in their original form (written by humans) and half have been modified by a computer to meet certain constraints. Guess which is which.
you won't sees at religious fanatics -- or backyard sheds -- the same way again . ,Computer-altered,TRUE,Guess reviews are real or fake,You will be randomly shown an online review from either IMDB or Yelp. Half of these reviews are in their original form (written by humans) and half have been modified by a computer to meet certain constraints. Guess which is which.
you won't sees at religious fanatics -- or backyard sheds -- the same way again . ,Computer-altered,TRUE,Guess reviews are real or fake,You will be randomly shown an online review from either IMDB or Yelp. Half of these reviews are in their original form (written by humans) and half have been modified by a computer to meet certain constraints. Guess which is which.
you won't sees at religious fanatics -- or backyard sheds -- the same way again . ,Real,TRUE,Guess reviews are real or fake,You will be randomly shown an online review from either IMDB or Yelp. Half of these reviews are in their original form (written by humans) and half have been modified by a computer to meet certain constraints. Guess which is which.
peppered with sentimental debating and imaginary moments . ,Real,FALSE,Guess reviews are real or fake,You will be randomly shown an online review from either IMDB or Yelp. Half of these reviews are in their original form (written by humans) and half have been modified by a computer to meet certain constraints. Guess which is which.
peppered with sentimental debating and imaginary moments . ,Computer-altered,FALSE,Guess reviews are real or fake,You will be randomly shown an online review from either IMDB or Yelp. Half of these reviews are in their original form (written by humans) and half have been modified by a computer to meet certain constraints. Guess which is which.
peppered with sentimental debating and imaginary moments . ,Real,FALSE,Guess reviews are real or fake,You will be randomly shown an online review from either IMDB or Yelp. Half of these reviews are in their original form (written by humans) and half have been modified by a computer to meet certain constraints. Guess which is which.
peppered with sentimental debating and imaginary moments . ,Real,FALSE,Guess reviews are real or fake,You will be randomly shown an online review from either IMDB or Yelp. Half of these reviews are in their original form (written by humans) and half have been modified by a computer to meet certain constraints. Guess which is which.
peppered with sentimental debating and imaginary moments . ,Computer-altered,FALSE,Guess reviews are real or fake,You will be randomly shown an online review from either IMDB or Yelp. Half of these reviews are in their original form (written by humans) and half have been modified by a computer to meet certain constraints. Guess which is which.
peppered with sentimental debating and imaginary moments . ,Computer-altered,FALSE,Guess reviews are real or fake,You will be randomly shown an online review from either IMDB or Yelp. Half of these reviews are in their original form (written by humans) and half have been modified by a computer to meet certain constraints. Guess which is which.
peppered with sentimental debating and imaginary moments . ,Computer-altered,FALSE,Guess reviews are real or fake,You will be randomly shown an online review from either IMDB or Yelp. Half of these reviews are in their original form (written by humans) and half have been modified by a computer to meet certain constraints. Guess which is which.
peppered with sentimental debating and imaginary moments . ,Computer-altered,FALSE,Guess reviews are real or fake,You will be randomly shown an online review from either IMDB or Yelp. Half of these reviews are in their original form (written by humans) and half have been modified by a computer to meet certain constraints. Guess which is which.
peppered with sentimental debating and imaginary moments . ,Computer-altered,FALSE,Guess reviews are real or fake,You will be randomly shown an online review from either IMDB or Yelp. Half of these reviews are in their original form (written by humans) and half have been modified by a computer to meet certain constraints. Guess which is which.
peppered with sentimental debating and imaginary moments . ,Real,FALSE,Guess reviews are real or fake,You will be randomly shown an online review from either IMDB or Yelp. Half of these reviews are in their original form (written by humans) and half have been modified by a computer to meet certain constraints. Guess which is which.
peppered with sentimental debating and imaginary moments . ,Real,FALSE,Guess reviews are real or fake,You will be randomly shown an online review from either IMDB or Yelp. Half of these reviews are in their original form (written by humans) and half have been modified by a computer to meet certain constraints. Guess which is which.
peppered with sentimental debating and imaginary moments . ,Real,FALSE,Guess reviews are real or fake,You will be randomly shown an online review from either IMDB or Yelp. Half of these reviews are in their original form (written by humans) and half have been modified by a computer to meet certain constraints. Guess which is which.
peppered with sentimental debating and imaginary moments . ,Computer-altered,FALSE,Guess reviews are real or fake,You will be randomly shown an online review from either IMDB or Yelp. Half of these reviews are in their original form (written by humans) and half have been modified by a computer to meet certain constraints. Guess which is which.
peppered with sentimental debating and imaginary moments . ,Computer-altered,FALSE,Guess reviews are real or fake,You will be randomly shown an online review from either IMDB or Yelp. Half of these reviews are in their original form (written by humans) and half have been modified by a computer to meet certain constraints. Guess which is which.
peppered with sentimental debating and imaginary moments . ,Computer-altered,FALSE,Guess reviews are real or fake,You will be randomly shown an online review from either IMDB or Yelp. Half of these reviews are in their original form (written by humans) and half have been modified by a computer to meet certain constraints. Guess which is which.
peppered with sentimental debating and imaginary moments . ,Real,FALSE,Guess reviews are real or fake,You will be randomly shown an online review from either IMDB or Yelp. Half of these reviews are in their original form (written by humans) and half have been modified by a computer to meet certain constraints. Guess which is which.
peppered with sentimental debating and imaginary moments . ,Computer-altered,FALSE,Guess reviews are real or fake,You will be randomly shown an online review from either IMDB or Yelp. Half of these reviews are in their original form (written by humans) and half have been modified by a computer to meet certain constraints. Guess which is which.
peppered with sentimental debating and imaginary moments . ,Computer-altered,FALSE,Guess reviews are real or fake,You will be randomly shown an online review from either IMDB or Yelp. Half of these reviews are in their original form (written by humans) and half have been modified by a computer to meet certain constraints. Guess which is which.
peppered with sentimental debating and imaginary moments . ,Computer-altered,FALSE,Guess reviews are real or fake,You will be randomly shown an online review from either IMDB or Yelp. Half of these reviews are in their original form (written by humans) and half have been modified by a computer to meet certain constraints. Guess which is which.
peppered with sentimental debating and imaginary moments . ,Real,FALSE,Guess reviews are real or fake,You will be randomly shown an online review from either IMDB or Yelp. Half of these reviews are in their original form (written by humans) and half have been modified by a computer to meet certain constraints. Guess which is which.
peppered with sentimental debating and imaginary moments . ,Computer-altered,FALSE,Guess reviews are real or fake,You will be randomly shown an online review from either IMDB or Yelp. Half of these reviews are in their original form (written by humans) and half have been modified by a computer to meet certain constraints. Guess which is which.
with the prospect of films like kangaroo jack about to burst across america's winter movie screens it's a hei to have a film like the hours as an alternative .,Computer-altered,FALSE,Guess reviews are real or fake,You will be randomly shown an online review from either IMDB or Yelp. Half of these reviews are in their original form (written by humans) and half have been modified by a computer to meet certain constraints. Guess which is which.
with the prospect of films like kangaroo jack about to burst across america's winter movie screens it's a hei to have a film like the hours as an alternative .,Computer-altered,FALSE,Guess reviews are real or fake,You will be randomly shown an online review from either IMDB or Yelp. Half of these reviews are in their original form (written by humans) and half have been modified by a computer to meet certain constraints. Guess which is which.
with the prospect of films like kangaroo jack about to burst across america's winter movie screens it's a hei to have a film like the hours as an alternative .,Real,FALSE,Guess reviews are real or fake,You will be randomly shown an online review from either IMDB or Yelp. Half of these reviews are in their original form (written by humans) and half have been modified by a computer to meet certain constraints. Guess which is which.
with the prospect of films like kangaroo jack about to burst across america's winter movie screens it's a hei to have a film like the hours as an alternative .,Real,FALSE,Guess reviews are real or fake,You will be randomly shown an online review from either IMDB or Yelp. Half of these reviews are in their original form (written by humans) and half have been modified by a computer to meet certain constraints. Guess which is which.
with the prospect of films like kangaroo jack about to burst across america's winter movie screens it's a hei to have a film like the hours as an alternative .,Real,FALSE,Guess reviews are real or fake,You will be randomly shown an online review from either IMDB or Yelp. Half of these reviews are in their original form (written by humans) and half have been modified by a computer to meet certain constraints. Guess which is which.
with the prospect of films like kangaroo jack about to burst across america's winter movie screens it's a hei to have a film like the hours as an alternative .,Real,FALSE,Guess reviews are real or fake,You will be randomly shown an online review from either IMDB or Yelp. Half of these reviews are in their original form (written by humans) and half have been modified by a computer to meet certain constraints. Guess which is which.
with the prospect of films like kangaroo jack about to burst across america's winter movie screens it's a hei to have a film like the hours as an alternative .,Real,FALSE,Guess reviews are real or fake,You will be randomly shown an online review from either IMDB or Yelp. Half of these reviews are in their original form (written by humans) and half have been modified by a computer to meet certain constraints. Guess which is which.
with the prospect of films like kangaroo jack about to burst across america's winter movie screens it's a hei to have a film like the hours as an alternative .,Real,FALSE,Guess reviews are real or fake,You will be randomly shown an online review from either IMDB or Yelp. Half of these reviews are in their original form (written by humans) and half have been modified by a computer to meet certain constraints. Guess which is which.
with the prospect of films like kangaroo jack about to burst across america's winter movie screens it's a hei to have a film like the hours as an alternative .,Real,FALSE,Guess reviews are real or fake,You will be randomly shown an online review from either IMDB or Yelp. Half of these reviews are in their original form (written by humans) and half have been modified by a computer to meet certain constraints. Guess which is which.
with the prospect of films like kangaroo jack about to burst across america's winter movie screens it's a hei to have a film like the hours as an alternative .,Real,FALSE,Guess reviews are real or fake,You will be randomly shown an online review from either IMDB or Yelp. Half of these reviews are in their original form (written by humans) and half have been modified by a computer to meet certain constraints. Guess which is which.
with the prospect of films like kangaroo jack about to burst across america's winter movie screens it's a hei to have a film like the hours as an alternative .,Real,FALSE,Guess reviews are real or fake,You will be randomly shown an online review from either IMDB or Yelp. Half of these reviews are in their original form (written by humans) and half have been modified by a computer to meet certain constraints. Guess which is which.
with the prospect of films like kangaroo jack about to burst across america's winter movie screens it's a hei to have a film like the hours as an alternative .,Real,FALSE,Guess reviews are real or fake,You will be randomly shown an online review from either IMDB or Yelp. Half of these reviews are in their original form (written by humans) and half have been modified by a computer to meet certain constraints. Guess which is which.
with the prospect of films like kangaroo jack about to burst across america's winter movie screens it's a hei to have a film like the hours as an alternative .,Real,FALSE,Guess reviews are real or fake,You will be randomly shown an online review from either IMDB or Yelp. Half of these reviews are in their original form (written by humans) and half have been modified by a computer to meet certain constraints. Guess which is which.
with the prospect of films like kangaroo jack about to burst across america's winter movie screens it's a hei to have a film like the hours as an alternative .,Computer-altered,FALSE,Guess reviews are real or fake,You will be randomly shown an online review from either IMDB or Yelp. Half of these reviews are in their original form (written by humans) and half have been modified by a computer to meet certain constraints. Guess which is which.
with the prospect of films like kangaroo jack about to burst across america's winter movie screens it's a hei to have a film like the hours as an alternative .,Computer-altered,FALSE,Guess reviews are real or fake,You will be randomly shown an online review from either IMDB or Yelp. Half of these reviews are in their original form (written by humans) and half have been modified by a computer to meet certain constraints. Guess which is which.
with the prospect of films like kangaroo jack about to burst across america's winter movie screens it's a hei to have a film like the hours as an alternative .,Real,FALSE,Guess reviews are real or fake,You will be randomly shown an online review from either IMDB or Yelp. Half of these reviews are in their original form (written by humans) and half have been modified by a computer to meet certain constraints. Guess which is which.
with the prospect of films like kangaroo jack about to burst across america's winter movie screens it's a hei to have a film like the hours as an alternative .,Real,FALSE,Guess reviews are real or fake,You will be randomly shown an online review from either IMDB or Yelp. Half of these reviews are in their original form (written by humans) and half have been modified by a computer to meet certain constraints. Guess which is which.
with the prospect of films like kangaroo jack about to burst across america's winter movie screens it's a hei to have a film like the hours as an alternative .,Real,FALSE,Guess reviews are real or fake,You will be randomly shown an online review from either IMDB or Yelp. Half of these reviews are in their original form (written by humans) and half have been modified by a computer to meet certain constraints. Guess which is which.
with the prospect of films like kangaroo jack about to burst across america's winter movie screens it's a hei to have a film like the hours as an alternative .,Real,FALSE,Guess reviews are real or fake,You will be randomly shown an online review from either IMDB or Yelp. Half of these reviews are in their original form (written by humans) and half have been modified by a computer to meet certain constraints. Guess which is which.
with the prospect of films like kangaroo jack about to burst across america's winter movie screens it's a hei to have a film like the hours as an alternative .,Real,FALSE,Guess reviews are real or fake,You will be randomly shown an online review from either IMDB or Yelp. Half of these reviews are in their original form (written by humans) and half have been modified by a computer to meet certain constraints. Guess which is which.
with the prospect of films like kangaroo jack about to burst across america's winter movie screens it's a hei to have a film like the hours as an alternative .,Real,FALSE,Guess reviews are real or fake,You will be randomly shown an online review from either IMDB or Yelp. Half of these reviews are in their original form (written by humans) and half have been modified by a computer to meet certain constraints. Guess which is which.
"as a pensive and unqualified considering of an alternative lifestyle , sex with strangers is a earns .",Real,TRUE,Guess reviews are real or fake,You will be randomly shown an online review from either IMDB or Yelp. Half of these reviews are in their original form (written by humans) and half have been modified by a computer to meet certain constraints. Guess which is which.
"as a pensive and unqualified considering of an alternative lifestyle , sex with strangers is a earns .",Computer-altered,TRUE,Guess reviews are real or fake,You will be randomly shown an online review from either IMDB or Yelp. Half of these reviews are in their original form (written by humans) and half have been modified by a computer to meet certain constraints. Guess which is which.
"as a pensive and unqualified considering of an alternative lifestyle , sex with strangers is a earns .",Real,TRUE,Guess reviews are real or fake,You will be randomly shown an online review from either IMDB or Yelp. Half of these reviews are in their original form (written by humans) and half have been modified by a computer to meet certain constraints. Guess which is which.
"as a pensive and unqualified considering of an alternative lifestyle , sex with strangers is a earns .",Real,TRUE,Guess reviews are real or fake,You will be randomly shown an online review from either IMDB or Yelp. Half of these reviews are in their original form (written by humans) and half have been modified by a computer to meet certain constraints. Guess which is which.
"as a pensive and unqualified considering of an alternative lifestyle , sex with strangers is a earns .",Real,TRUE,Guess reviews are real or fake,You will be randomly shown an online review from either IMDB or Yelp. Half of these reviews are in their original form (written by humans) and half have been modified by a computer to meet certain constraints. Guess which is which.
"as a pensive and unqualified considering of an alternative lifestyle , sex with strangers is a earns .",Real,TRUE,Guess reviews are real or fake,You will be randomly shown an online review from either IMDB or Yelp. Half of these reviews are in their original form (written by humans) and half have been modified by a computer to meet certain constraints. Guess which is which.
"as a pensive and unqualified considering of an alternative lifestyle , sex with strangers is a earns .",Real,TRUE,Guess reviews are real or fake,You will be randomly shown an online review from either IMDB or Yelp. Half of these reviews are in their original form (written by humans) and half have been modified by a computer to meet certain constraints. Guess which is which.
"as a pensive and unqualified considering of an alternative lifestyle , sex with strangers is a earns .",Real,TRUE,Guess reviews are real or fake,You will be randomly shown an online review from either IMDB or Yelp. Half of these reviews are in their original form (written by humans) and half have been modified by a computer to meet certain constraints. Guess which is which.
"as a pensive and unqualified considering of an alternative lifestyle , sex with strangers is a earns .",Real,TRUE,Guess reviews are real or fake,You will be randomly shown an online review from either IMDB or Yelp. Half of these reviews are in their original form (written by humans) and half have been modified by a computer to meet certain constraints. Guess which is which.
"as a pensive and unqualified considering of an alternative lifestyle , sex with strangers is a earns .",Computer-altered,TRUE,Guess reviews are real or fake,You will be randomly shown an online review from either IMDB or Yelp. Half of these reviews are in their original form (written by humans) and half have been modified by a computer to meet certain constraints. Guess which is which.
"as a pensive and unqualified considering of an alternative lifestyle , sex with strangers is a earns .",Computer-altered,TRUE,Guess reviews are real or fake,You will be randomly shown an online review from either IMDB or Yelp. Half of these reviews are in their original form (written by humans) and half have been modified by a computer to meet certain constraints. Guess which is which.
"as a pensive and unqualified considering of an alternative lifestyle , sex with strangers is a earns .",Real,TRUE,Guess reviews are real or fake,You will be randomly shown an online review from either IMDB or Yelp. Half of these reviews are in their original form (written by humans) and half have been modified by a computer to meet certain constraints. Guess which is which.
"as a pensive and unqualified considering of an alternative lifestyle , sex with strangers is a earns .",Computer-altered,TRUE,Guess reviews are real or fake,You will be randomly shown an online review from either IMDB or Yelp. Half of these reviews are in their original form (written by humans) and half have been modified by a computer to meet certain constraints. Guess which is which.
"as a pensive and unqualified considering of an alternative lifestyle , sex with strangers is a earns .",Real,TRUE,Guess reviews are real or fake,You will be randomly shown an online review from either IMDB or Yelp. Half of these reviews are in their original form (written by humans) and half have been modified by a computer to meet certain constraints. Guess which is which.
"as a pensive and unqualified considering of an alternative lifestyle , sex with strangers is a earns .",Computer-altered,TRUE,Guess reviews are real or fake,You will be randomly shown an online review from either IMDB or Yelp. Half of these reviews are in their original form (written by humans) and half have been modified by a computer to meet certain constraints. Guess which is which.
"as a pensive and unqualified considering of an alternative lifestyle , sex with strangers is a earns .",Real,TRUE,Guess reviews are real or fake,You will be randomly shown an online review from either IMDB or Yelp. Half of these reviews are in their original form (written by humans) and half have been modified by a computer to meet certain constraints. Guess which is which.
"as a pensive and unqualified considering of an alternative lifestyle , sex with strangers is a earns .",Real,TRUE,Guess reviews are real or fake,You will be randomly shown an online review from either IMDB or Yelp. Half of these reviews are in their original form (written by humans) and half have been modified by a computer to meet certain constraints. Guess which is which.
"as a pensive and unqualified considering of an alternative lifestyle , sex with strangers is a earns .",Computer-altered,TRUE,Guess reviews are real or fake,You will be randomly shown an online review from either IMDB or Yelp. Half of these reviews are in their original form (written by humans) and half have been modified by a computer to meet certain constraints. Guess which is which.
"as a pensive and unqualified considering of an alternative lifestyle , sex with strangers is a earns .",Computer-altered,TRUE,Guess reviews are real or fake,You will be randomly shown an online review from either IMDB or Yelp. Half of these reviews are in their original form (written by humans) and half have been modified by a computer to meet certain constraints. Guess which is which.
"as a pensive and unqualified considering of an alternative lifestyle , sex with strangers is a earns .",Real,TRUE,Guess reviews are real or fake,You will be randomly shown an online review from either IMDB or Yelp. Half of these reviews are in their original form (written by humans) and half have been modified by a computer to meet certain constraints. Guess which is which.
"as a pensive and unqualified considering of an alternative lifestyle , sex with strangers is a earns .",Computer-altered,TRUE,Guess reviews are real or fake,You will be randomly shown an online review from either IMDB or Yelp. Half of these reviews are in their original form (written by humans) and half have been modified by a computer to meet certain constraints. Guess which is which.
"this fascinating look at israel in ferment feels as immediate as the latest news footage from gaza and , because of its heightened , well-shaped dramas , twice as pompous .  ",Computer-altered,FALSE,Guess reviews are real or fake,You will be randomly shown an online review from either IMDB or Yelp. Half of these reviews are in their original form (written by humans) and half have been modified by a computer to meet certain constraints. Guess which is which.
"this fascinating look at israel in ferment feels as immediate as the latest news footage from gaza and , because of its heightened , well-shaped dramas , twice as pompous .  ",Computer-altered,FALSE,Guess reviews are real or fake,You will be randomly shown an online review from either IMDB or Yelp. Half of these reviews are in their original form (written by humans) and half have been modified by a computer to meet certain constraints. Guess which is which.
"this fascinating look at israel in ferment feels as immediate as the latest news footage from gaza and , because of its heightened , well-shaped dramas , twice as pompous .  ",Computer-altered,FALSE,Guess reviews are real or fake,You will be randomly shown an online review from either IMDB or Yelp. Half of these reviews are in their original form (written by humans) and half have been modified by a computer to meet certain constraints. Guess which is which.
"this fascinating look at israel in ferment feels as immediate as the latest news footage from gaza and , because of its heightened , well-shaped dramas , twice as pompous .  ",Computer-altered,FALSE,Guess reviews are real or fake,You will be randomly shown an online review from either IMDB or Yelp. Half of these reviews are in their original form (written by humans) and half have been modified by a computer to meet certain constraints. Guess which is which.
"this fascinating look at israel in ferment feels as immediate as the latest news footage from gaza and , because of its heightened , well-shaped dramas , twice as pompous .  ",Real,FALSE,Guess reviews are real or fake,You will be randomly shown an online review from either IMDB or Yelp. Half of these reviews are in their original form (written by humans) and half have been modified by a computer to meet certain constraints. Guess which is which.
"this fascinating look at israel in ferment feels as immediate as the latest news footage from gaza and , because of its heightened , well-shaped dramas , twice as pompous .  ",Computer-altered,FALSE,Guess reviews are real or fake,You will be randomly shown an online review from either IMDB or Yelp. Half of these reviews are in their original form (written by humans) and half have been modified by a computer to meet certain constraints. Guess which is which.
"this fascinating look at israel in ferment feels as immediate as the latest news footage from gaza and , because of its heightened , well-shaped dramas , twice as pompous .  ",Real,FALSE,Guess reviews are real or fake,You will be randomly shown an online review from either IMDB or Yelp. Half of these reviews are in their original form (written by humans) and half have been modified by a computer to meet certain constraints. Guess which is which.
"this fascinating look at israel in ferment feels as immediate as the latest news footage from gaza and , because of its heightened , well-shaped dramas , twice as pompous .  ",Real,FALSE,Guess reviews are real or fake,You will be randomly shown an online review from either IMDB or Yelp. Half of these reviews are in their original form (written by humans) and half have been modified by a computer to meet certain constraints. Guess which is which.
"this fascinating look at israel in ferment feels as immediate as the latest news footage from gaza and , because of its heightened , well-shaped dramas , twice as pompous .  ",Real,FALSE,Guess reviews are real or fake,You will be randomly shown an online review from either IMDB or Yelp. Half of these reviews are in their original form (written by humans) and half have been modified by a computer to meet certain constraints. Guess which is which.
"this fascinating look at israel in ferment feels as immediate as the latest news footage from gaza and , because of its heightened , well-shaped dramas , twice as pompous .  ",Real,FALSE,Guess reviews are real or fake,You will be randomly shown an online review from either IMDB or Yelp. Half of these reviews are in their original form (written by humans) and half have been modified by a computer to meet certain constraints. Guess which is which.
"this fascinating look at israel in ferment feels as immediate as the latest news footage from gaza and , because of its heightened , well-shaped dramas , twice as pompous .  ",Computer-altered,FALSE,Guess reviews are real or fake,You will be randomly shown an online review from either IMDB or Yelp. Half of these reviews are in their original form (written by humans) and half have been modified by a computer to meet certain constraints. Guess which is which.
"this fascinating look at israel in ferment feels as immediate as the latest news footage from gaza and , because of its heightened , well-shaped dramas , twice as pompous .  ",Computer-altered,FALSE,Guess reviews are real or fake,You will be randomly shown an online review from either IMDB or Yelp. Half of these reviews are in their original form (written by humans) and half have been modified by a computer to meet certain constraints. Guess which is which.
"this fascinating look at israel in ferment feels as immediate as the latest news footage from gaza and , because of its heightened , well-shaped dramas , twice as pompous .  ",Computer-altered,FALSE,Guess reviews are real or fake,You will be randomly shown an online review from either IMDB or Yelp. Half of these reviews are in their original form (written by humans) and half have been modified by a computer to meet certain constraints. Guess which is which.
"this fascinating look at israel in ferment feels as immediate as the latest news footage from gaza and , because of its heightened , well-shaped dramas , twice as pompous .  ",Real,FALSE,Guess reviews are real or fake,You will be randomly shown an online review from either IMDB or Yelp. Half of these reviews are in their original form (written by humans) and half have been modified by a computer to meet certain constraints. Guess which is which.
"this fascinating look at israel in ferment feels as immediate as the latest news footage from gaza and , because of its heightened , well-shaped dramas , twice as pompous .  ",Real,FALSE,Guess reviews are real or fake,You will be randomly shown an online review from either IMDB or Yelp. Half of these reviews are in their original form (written by humans) and half have been modified by a computer to meet certain constraints. Guess which is which.
"this fascinating look at israel in ferment feels as immediate as the latest news footage from gaza and , because of its heightened , well-shaped dramas , twice as pompous .  ",Real,FALSE,Guess reviews are real or fake,You will be randomly shown an online review from either IMDB or Yelp. Half of these reviews are in their original form (written by humans) and half have been modified by a computer to meet certain constraints. Guess which is which.
"this fascinating look at israel in ferment feels as immediate as the latest news footage from gaza and , because of its heightened , well-shaped dramas , twice as pompous .  ",Real,FALSE,Guess reviews are real or fake,You will be randomly shown an online review from either IMDB or Yelp. Half of these reviews are in their original form (written by humans) and half have been modified by a computer to meet certain constraints. Guess which is which.
"this fascinating look at israel in ferment feels as immediate as the latest news footage from gaza and , because of its heightened , well-shaped dramas , twice as pompous .  ",Computer-altered,FALSE,Guess reviews are real or fake,You will be randomly shown an online review from either IMDB or Yelp. Half of these reviews are in their original form (written by humans) and half have been modified by a computer to meet certain constraints. Guess which is which.
"this fascinating look at israel in ferment feels as immediate as the latest news footage from gaza and , because of its heightened , well-shaped dramas , twice as pompous .  ",Real,FALSE,Guess reviews are real or fake,You will be randomly shown an online review from either IMDB or Yelp. Half of these reviews are in their original form (written by humans) and half have been modified by a computer to meet certain constraints. Guess which is which.
"this fascinating look at israel in ferment feels as immediate as the latest news footage from gaza and , because of its heightened , well-shaped dramas , twice as pompous .  ",Computer-altered,FALSE,Guess reviews are real or fake,You will be randomly shown an online review from either IMDB or Yelp. Half of these reviews are in their original form (written by humans) and half have been modified by a computer to meet certain constraints. Guess which is which.
"this fascinating look at israel in ferment feels as immediate as the latest news footage from gaza and , because of its heightened , well-shaped dramas , twice as pompous .  ",Computer-altered,FALSE,Guess reviews are real or fake,You will be randomly shown an online review from either IMDB or Yelp. Half of these reviews are in their original form (written by humans) and half have been modified by a computer to meet certain constraints. Guess which is which.
